Algoritrhm,MAE,RMSE,R2
KNN,2.558487,5.104098,0.988498
MICE,1.684560,3.681843,0.994015
RandomForest,1.763326,0.995614,3.142829
lightGBM,1.486084,0.996404,2.90078